Kategori Tema,Antecedent (X),Consequent (Y),Support,Confidence,Lift,Conviction
Cross-Verification Chain,"Verify:Transportasi, GenAI:Estimasi_Budget, OTA:Cek_Harga, Verify:Lokasi","Verify:Waktu_Tempuh, Verify:Hotel, OTA:Cek_Review, Verify:Harga, GenAI:Inspirasi_Ide",0.20161290322580644,0.6578947368421052,2.7192982456140347,2.215880893300248
Cross-Verification Chain,"GenAI:Estimasi_Budget, OTA:Cek_Harga, Verify:Transportasi, GenAI:Inspirasi_Ide, Verify:Lokasi","Verify:Waktu_Tempuh, Verify:Hotel, OTA:Cek_Review, Verify:Harga",0.20161290322580644,0.704225352112676,2.6868905742145177,2.4948156682027647
Cross-Verification Chain,"Verify:Transportasi, GenAI:Info_Destinasi, OTA:Cek_Review, Verify:Harga","Verify:Review_Publik, Verify:Waktu_Tempuh, OTA:Cek_Harga, GenAI:Inspirasi_Ide, Verify:Lokasi",0.2056451612903226,0.7183098591549295,2.6588185831406346,2.590927419354838
Cross-Verification Chain,"Verify:Transportasi, GenAI:Info_Destinasi, OTA:Cek_Review, Verify:Lokasi","Verify:Review_Publik, Verify:Waktu_Tempuh, OTA:Cek_Harga, Verify:Harga, GenAI:Inspirasi_Ide",0.2056451612903226,0.7391304347826088,2.65658475110271,2.766801075268818
Cross-Verification Chain,"GenAI:Estimasi_Budget, OTA:Cek_Harga, Verify:Transportasi, Verify:Harga, Verify:Lokasi","Verify:Waktu_Tempuh, Verify:Hotel, OTA:Cek_Review, GenAI:Inspirasi_Ide",0.20161290322580644,0.684931506849315,2.654109589041096,2.354838709677419
Cross-Verification Chain,"GenAI:Inspirasi_Ide, Verify:Hotel, OTA:Cek_Review, Verify:Lokasi","GenAI:Estimasi_Budget, Verify:Waktu_Tempuh, OTA:Cek_Harga, Verify:Transportasi, Verify:Harga",0.20161290322580644,0.6097560975609756,2.652973898160034,1.9735383064516128
Cross-Verification Chain,"GenAI:Estimasi_Budget, OTA:Cek_Review, Verify:Transportasi, GenAI:Inspirasi_Ide, Verify:Lokasi","OTA:Cek_Harga, Verify:Waktu_Tempuh, Verify:Hotel, Verify:Harga",0.20161290322580644,0.7575757575757576,2.646180110968843,2.9440524193548385
Cross-Verification Chain,"Verify:Transportasi, GenAI:Info_Destinasi, OTA:Cek_Review, Verify:Harga","OTA:Cek_Harga, Verify:Review_Publik, Verify:Jam_Buka_Atraksi, GenAI:Inspirasi_Ide",0.20161290322580644,0.704225352112676,2.646180110968843,2.4811827956989245
Cross-Verification Chain,"OTA:Cek_Review, Verify:Transportasi, Verify:Harga, GenAI:Inspirasi_Ide, Verify:Lokasi","GenAI:Estimasi_Budget, OTA:Cek_Harga, Verify:Waktu_Tempuh, Verify:Hotel",0.20161290322580644,0.704225352112676,2.646180110968843,2.4811827956989245
Cross-Verification Chain,"GenAI:Estimasi_Budget, OTA:Cek_Harga, Verify:Transportasi, Verify:Harga, GenAI:Inspirasi_Ide, Verify:Lokasi","Verify:Waktu_Tempuh, Verify:Hotel, OTA:Cek_Review",0.20161290322580644,0.7352941176470589,2.642796248934357,2.726702508960574
Cross-Verification Chain,"Verify:Hotel, OTA:Cek_Review, Verify:Harga, GenAI:Inspirasi_Ide, Verify:Lokasi","Verify:Transportasi, GenAI:Estimasi_Budget, Verify:Waktu_Tempuh, OTA:Cek_Harga",0.20161290322580644,0.6493506493506493,2.6399829678518203,2.1503882915173236
Cross-Verification Chain,"Verify:Transportasi, GenAI:Inspirasi_Ide, OTA:Cek_Review, Verify:Lokasi","GenAI:Estimasi_Budget, Verify:Waktu_Tempuh, Verify:Hotel, OTA:Cek_Harga, Verify:Harga",0.20161290322580644,0.6578947368421052,2.631578947368421,2.192307692307692
Cross-Verification Chain,"OTA:Cek_Review, Verify:Transportasi, GenAI:Info_Destinasi, Verify:Harga, Verify:Lokasi","Verify:Review_Publik, OTA:Cek_Harga, GenAI:Inspirasi_Ide, Verify:Waktu_Tempuh",0.2056451612903226,0.7846153846153847,2.62952182952183,3.2574884792626744
Cross-Verification Chain,"OTA:Cek_Review, Verify:Transportasi, GenAI:Info_Destinasi, Verify:Harga, GenAI:Inspirasi_Ide","Verify:Lokasi, Verify:Review_Publik, OTA:Cek_Harga, Verify:Waktu_Tempuh",0.2056451612903226,0.7727272727272728,2.625155666251557,3.1048387096774204
Cross-Verification Chain,"GenAI:Pilih_Atraksi, Verify:Hotel, OTA:Cek_Review, Verify:Lokasi","OTA:Cek_Harga, Verify:Review_Publik, Verify:Jam_Buka_Atraksi, Verify:Harga",0.20161290322580644,0.7575757575757576,2.6094276094276094,2.92741935483871
Cross-Verification Chain,"Verify:Transportasi, GenAI:Estimasi_Budget, OTA:Cek_Review, Verify:Lokasi","Verify:Waktu_Tempuh, Verify:Hotel, OTA:Cek_Harga, Verify:Harga, GenAI:Inspirasi_Ide",0.20161290322580644,0.6944444444444443,2.609427609427609,2.401759530791788
Cross-Verification Chain,"OTA:Cek_Review, Verify:Transportasi, GenAI:Info_Destinasi, GenAI:Inspirasi_Ide, Verify:Lokasi","Verify:Harga, Verify:Review_Publik, OTA:Cek_Harga, Verify:Waktu_Tempuh",0.2056451612903226,0.7968750000000001,2.6003289473684212,3.414392059553352
Cross-Verification Chain,"Verify:Transportasi, GenAI:Estimasi_Budget, OTA:Cek_Harga, Verify:Lokasi","Verify:Waktu_Tempuh, Verify:Hotel, OTA:Cek_Review, GenAI:Inspirasi_Ide",0.2056451612903226,0.6710526315789473,2.6003289473684212,2.255483870967742
Cross-Verification Chain,"GenAI:Estimasi_Budget, OTA:Cek_Review, Verify:Transportasi, Verify:Harga, GenAI:Inspirasi_Ide, Verify:Lokasi","OTA:Cek_Harga, Verify:Waktu_Tempuh, Verify:Hotel",0.20161290322580644,0.7936507936507936,2.5898078529657473,3.3610421836228284
Cross-Verification Chain,"GenAI:Estimasi_Budget, OTA:Cek_Harga, Verify:Transportasi, GenAI:Inspirasi_Ide, Verify:Lokasi","Verify:Waktu_Tempuh, Verify:Hotel, OTA:Cek_Review",0.2056451612903226,0.7183098591549295,2.5817513778322105,2.5622983870967735
Cross-Verification Chain,"GenAI:Estimasi_Budget, OTA:Cek_Review, Verify:Transportasi, Verify:Harga, Verify:Lokasi","OTA:Cek_Harga, Verify:Waktu_Tempuh, Verify:Hotel, GenAI:Inspirasi_Ide",0.20161290322580644,0.7352941176470589,2.568351284175642,2.696236559139785
Cross-Verification Chain,"GenAI:Pilih_Atraksi, Verify:Hotel, OTA:Cek_Review, Verify:Harga","OTA:Cek_Harga, Verify:Review_Publik, Verify:Jam_Buka_Atraksi, Verify:Lokasi",0.20161290322580644,0.704225352112676,2.568351284175642,2.4539170506912438
Cross-Verification Chain,"Verify:Transportasi, GenAI:Info_Destinasi, OTA:Cek_Review, Verify:Harga","OTA:Cek_Harga, Verify:Review_Publik, Verify:Jam_Buka_Atraksi, Verify:Lokasi",0.20161290322580644,0.704225352112676,2.568351284175642,2.4539170506912438
Cross-Verification Chain,"Verify:Transportasi, GenAI:Estimasi_Budget, OTA:Cek_Harga, Verify:Lokasi","Verify:Waktu_Tempuh, Verify:Hotel, OTA:Cek_Review, Verify:Harga",0.2056451612903226,0.6710526315789473,2.5603238866396762,2.243225806451613
Cross-Verification Chain,"Verify:Transportasi, GenAI:Susun_Itinerary, GenAI:Estimasi_Budget, Verify:Lokasi","GenAI:Pilih_Atraksi, Verify:Hotel, Verify:Jam_Buka_Atraksi, Verify:Harga",0.2056451612903226,0.6891891891891891,2.5510286405808795,2.3481767180925663
Cross-Verification Chain,"Verify:Transportasi, Verify:Lokasi, OTA:Cek_Harga, GenAI:Info_Destinasi","Verify:Review_Publik, Verify:Waktu_Tempuh, OTA:Cek_Review, Verify:Harga, GenAI:Inspirasi_Ide",0.2056451612903226,0.6891891891891891,2.5510286405808795,2.3481767180925663
Cross-Verification Chain,"GenAI:Pilih_Atraksi, Verify:Hotel, OTA:Cek_Review, Verify:Harga, Verify:Lokasi","OTA:Cek_Harga, Verify:Review_Publik, Verify:Jam_Buka_Atraksi",0.20161290322580644,0.78125,2.549342105263158,3.1705069124423964
Cross-Verification Chain,"Verify:Transportasi, GenAI:Inspirasi_Ide, OTA:Cek_Review, Verify:Lokasi","GenAI:Estimasi_Budget, Verify:Review_Publik, OTA:Cek_Harga, Verify:Waktu_Tempuh",0.20161290322580644,0.6578947368421052,2.5493421052631575,2.1687344913151363
Cross-Verification Chain,"Verify:Transportasi, Verify:Review_Publik, OTA:Cek_Review, Verify:Lokasi","OTA:Cek_Harga, Verify:Waktu_Tempuh, Verify:Jam_Buka_Atraksi",0.20161290322580644,0.6578947368421052,2.5493421052631575,2.1687344913151363
Cross-Verification Chain,"Verify:Transportasi, GenAI:Inspirasi_Ide, GenAI:Info_Destinasi, OTA:Cek_Review","Verify:Review_Publik, Verify:Waktu_Tempuh, OTA:Cek_Harga, Verify:Harga, Verify:Lokasi",0.2056451612903226,0.7083333333333334,2.5458937198067635,2.4746543778801846
